{"cameraMode":{"drawMode":0,"name":"Shaded","section":"Shading Mode"},"sceneLighting":true,"audioPlay":false,"sceneViewState":{"m_AlwaysRefresh":false,"showFog":true,"showSkybox":true,"showFlares":true,"showImageEffects":true,"showParticleSystems":true,"showVisualEffectGraphs":true,"m_FxEnabled":true},"in2DMode":false,"pivot":{"x":-68.71521759033203,"y":11.058775901794434,"z":-69.74760437011719},"rotation":{"x":0.22223810851573945,"y":0.39682573080062868,"z":-0.09962692111730576,"w":0.8850898742675781},"size":0.9965766072273254,"orthographic":false}