{"cameraMode":{"drawMode":0,"name":"Shaded","section":"Shading Mode"},"sceneLighting":false,"audioPlay":false,"sceneViewState":{"m_AlwaysRefresh":false,"showFog":true,"showSkybox":false,"showFlares":true,"showImageEffects":true,"showParticleSystems":true,"showVisualEffectGraphs":true,"m_FxEnabled":true},"in2DMode":false,"pivot":{"x":-50.55547332763672,"y":8.232999801635743,"z":-119.19499969482422},"rotation":{"x":-0.058468047529459,"y":-0.005372691433876753,"z":0.00030226289527490735,"w":-0.9983055591583252},"size":0.08660396933555603,"orthographic":false}